nome,data_nascimento
Jogador 1,01/01/2021
Jogador 2,01/01/2021
Jogador 3,01/01/2021
Jogador 4,01/01/2021
Jogador 5,01/01/2021
Jogador 6,01/01/2021
Jogador 7,01/01/2021
Jogador 8,01/01/2021
Jogador 9,01/01/2021
Jogador 10,01/01/2021
Jogador 11,01/01/2021
Jogador 12,01/01/2021
Jogador 13,01/01/2021
Jogador 14,01/01/2021
Jogador 15,01/01/2021
Jogador 16,01/01/2021
Jogador 17,01/01/2021
Jogador 18,01/01/2021
Jogador 19,01/01/2021
Jogador 20,01/01/2021
Jogador 21,01/01/2021
Jogador 22,01/01/2021
Jogador 23,01/01/2021
Jogador 24,01/01/2021
Jogador 25,01/01/2021
Jogador 26,01/01/2021
Jogador 27,01/01/2021
Jogador 28,01/01/2021
Jogador 29,01/01/2021
Jogador 30,01/01/2021
Jogador 31,01/01/2021
Jogador 32,01/01/2021
Jogador 33,01/01/2021
Jogador 34,01/01/2021
Jogador 35,01/01/2021
Jogador 36,01/01/2021
Jogador 37,01/01/2021
Jogador 38,01/01/2021
Jogador 39,01/01/2021
Jogador 40,01/01/2021
Jogador 41,01/01/2021
Jogador 42,01/01/2021
Jogador 43,01/01/2021
Jogador 44,01/01/2021
Jogador 45,01/01/2021
Jogador 46,01/01/2021
Jogador 47,01/01/2021
Jogador 48,01/01/2021
Jogador 49,01/01/2021
Jogador 50,01/01/2021
Jogador 51,01/01/2021
Jogador 52,01/01/2021
Jogador 53,01/01/2021
Jogador 54,01/01/2021
Jogador 55,01/01/2021
Jogador 56,01/01/2021
Jogador 57,01/01/2021
Jogador 58,01/01/2021
Jogador 59,01/01/2021
Jogador 60,01/01/2021
Jogador 61,01/01/2021
Jogador 62,01/01/2021
Jogador 63,01/01/2021
Jogador 64,01/01/2021
Jogador 65,01/01/2021
Jogador 66,01/01/2021
Jogador 67,01/01/2021
Jogador 68,01/01/2021
Jogador 69,01/01/2021
Jogador 70,01/01/2021
Jogador 71,01/01/2021
Jogador 72,01/01/2021
Jogador 73,01/01/2021
Jogador 74,01/01/2021
Jogador 75,01/01/2021
Jogador 76,01/01/2021
Jogador 77,01/01/2021
Jogador 78,01/01/2021
Jogador 79,01/01/2021
Jogador 80,01/01/2021
Jogador 81,01/01/2021
Jogador 82,01/01/2021
Jogador 83,01/01/2021
Jogador 84,01/01/2021
Jogador 85,01/01/2021
Jogador 86,01/01/2021
Jogador 87,01/01/2021
Jogador 88,01/01/2021
Jogador 89,01/01/2021
Jogador 90,01/01/2021
Jogador 91,01/01/2021
Jogador 92,01/01/2021
Jogador 93,01/01/2021
Jogador 94,01/01/2021
Jogador 95,01/01/2021
Jogador 96,01/01/2021
Jogador 97,01/01/2021
Jogador 98,01/01/2021
Jogador 99,01/01/2021
Jogador 100,01/01/2021
Jogador 101,01/01/2021
Jogador 102,01/01/2021
Jogador 103,01/01/2021
Jogador 104,01/01/2021
Jogador 105,01/01/2021
Jogador 106,01/01/2021
Jogador 107,01/01/2021
Jogador 108,01/01/2021
Jogador 109,01/01/2021
Jogador 110,01/01/2021
Jogador 111,01/01/2021
Jogador 112,01/01/2021
Jogador 113,01/01/2021
Jogador 114,01/01/2021
Jogador 115,01/01/2021
Jogador 116,01/01/2021
Jogador 117,01/01/2021
Jogador 118,01/01/2021
Jogador 119,01/01/2021
Jogador 120,01/01/2021
Jogador 121,01/01/2021
Jogador 122,01/01/2021
Jogador 123,01/01/2021
Jogador 124,01/01/2021
Jogador 125,01/01/2021
Jogador 126,01/01/2021
Jogador 127,01/01/2021
Jogador 128,01/01/2021
Jogador 129,01/01/2021
Jogador 130,01/01/2021
Jogador 131,01/01/2021
Jogador 132,01/01/2021
Jogador 133,01/01/2021
Jogador 134,01/01/2021
Jogador 135,01/01/2021
Jogador 136,01/01/2021
Jogador 137,01/01/2021
Jogador 138,01/01/2021
Jogador 139,01/01/2021
Jogador 140,01/01/2021
Jogador 141,01/01/2021
Jogador 142,01/01/2021
Jogador 143,01/01/2021
Jogador 144,01/01/2021
Jogador 145,01/01/2021
Jogador 146,01/01/2021
Jogador 147,01/01/2021
Jogador 148,01/01/2021
Jogador 149,01/01/2021
Jogador 150,01/01/2021
Jogador 151,01/01/2021
Jogador 152,01/01/2021
Jogador 153,01/01/2021
Jogador 154,01/01/2021
Jogador 155,01/01/2021
Jogador 156,01/01/2021
Jogador 157,01/01/2021
Jogador 158,01/01/2021
Jogador 159,01/01/2021
Jogador 160,01/01/2021
Jogador 161,01/01/2021
Jogador 162,01/01/2021
Jogador 163,01/01/2021
Jogador 164,01/01/2021
Jogador 165,01/01/2021
Jogador 166,01/01/2021
Jogador 167,01/01/2021
Jogador 168,01/01/2021
Jogador 169,01/01/2021
Jogador 170,01/01/2021
Jogador 171,01/01/2021
Jogador 172,01/01/2021
Jogador 173,01/01/2021
Jogador 174,01/01/2021
Jogador 175,01/01/2021
Jogador 176,01/01/2021
Jogador 177,01/01/2021
Jogador 178,01/01/2021
Jogador 179,01/01/2021
Jogador 180,01/01/2021
Jogador 181,01/01/2021
Jogador 182,01/01/2021
Jogador 183,01/01/2021
Jogador 184,01/01/2021
Jogador 185,01/01/2021
Jogador 186,01/01/2021
Jogador 187,01/01/2021
Jogador 188,01/01/2021
Jogador 189,01/01/2021
Jogador 190,01/01/2021
Jogador 191,01/01/2021
Jogador 192,01/01/2021
Jogador 193,01/01/2021
Jogador 194,01/01/2021
Jogador 195,01/01/2021
Jogador 196,01/01/2021
Jogador 197,01/01/2021
Jogador 198,01/01/2021
Jogador 199,01/01/2021
Jogador 200,01/01/2021
Jogador 201,01/01/2021
Jogador 202,01/01/2021
Jogador 203,01/01/2021
Jogador 204,01/01/2021
Jogador 205,01/01/2021
Jogador 206,01/01/2021
Jogador 207,01/01/2021
Jogador 208,01/01/2021
Jogador 209,01/01/2021
Jogador 210,01/01/2021
Jogador 211,01/01/2021
Jogador 212,01/01/2021
Jogador 213,01/01/2021
Jogador 214,01/01/2021
Jogador 215,01/01/2021
Jogador 216,01/01/2021
Jogador 217,01/01/2021
Jogador 218,01/01/2021
Jogador 219,01/01/2021
Jogador 220,01/01/2021
Jogador 221,01/01/2021
Jogador 222,01/01/2021
Jogador 223,01/01/2021
Jogador 224,01/01/2021
Jogador 225,01/01/2021
Jogador 226,01/01/2021
Jogador 227,01/01/2021
Jogador 228,01/01/2021
Jogador 229,01/01/2021
Jogador 230,01/01/2021
Jogador 231,01/01/2021
Jogador 232,01/01/2021
Jogador 233,01/01/2021
Jogador 234,01/01/2021
Jogador 235,01/01/2021
Jogador 236,01/01/2021
Jogador 237,01/01/2021
Jogador 238,01/01/2021
Jogador 239,01/01/2021
Jogador 240,01/01/2021
Jogador 241,01/01/2021
Jogador 242,01/01/2021
Jogador 243,01/01/2021
Jogador 244,01/01/2021
Jogador 245,01/01/2021
Jogador 246,01/01/2021
Jogador 247,01/01/2021
Jogador 248,01/01/2021
Jogador 249,01/01/2021
Jogador 250,01/01/2021
Jogador 251,01/01/2021
Jogador 252,01/01/2021
Jogador 253,01/01/2021
Jogador 254,01/01/2021
Jogador 255,01/01/2021
Jogador 256,01/01/2021
Jogador 257,01/01/2021
Jogador 258,01/01/2021
Jogador 259,01/01/2021
Jogador 260,01/01/2021
Jogador 261,01/01/2021
Jogador 262,01/01/2021
Jogador 263,01/01/2021
Jogador 264,01/01/2021
Jogador 265,01/01/2021
Jogador 266,01/01/2021
Jogador 267,01/01/2021
Jogador 268,01/01/2021
Jogador 269,01/01/2021
Jogador 270,01/01/2021
Jogador 271,01/01/2021
Jogador 272,01/01/2021
Jogador 273,01/01/2021
Jogador 274,01/01/2021
Jogador 275,01/01/2021
Jogador 276,01/01/2021
Jogador 277,01/01/2021
Jogador 278,01/01/2021
Jogador 279,01/01/2021
Jogador 280,01/01/2021
Jogador 281,01/01/2021
Jogador 282,01/01/2021
Jogador 283,01/01/2021
Jogador 284,01/01/2021
Jogador 285,01/01/2021
Jogador 286,01/01/2021
Jogador 287,01/01/2021
Jogador 288,01/01/2021
Jogador 289,01/01/2021
Jogador 290,01/01/2021
Jogador 291,01/01/2021
Jogador 292,01/01/2021
Jogador 293,01/01/2021
Jogador 294,01/01/2021
Jogador 295,01/01/2021
Jogador 296,01/01/2021
Jogador 297,01/01/2021
Jogador 298,01/01/2021
Jogador 299,01/01/2021
Jogador 300,01/01/2021
Jogador 301,01/01/2021
Jogador 302,01/01/2021
Jogador 303,01/01/2021
Jogador 304,01/01/2021
Jogador 305,01/01/2021
Jogador 306,01/01/2021
Jogador 307,01/01/2021
Jogador 308,01/01/2021
Jogador 309,01/01/2021
Jogador 310,01/01/2021
Jogador 311,01/01/2021
Jogador 312,01/01/2021
Jogador 313,01/01/2021
Jogador 314,01/01/2021
Jogador 315,01/01/2021
Jogador 316,01/01/2021
Jogador 317,01/01/2021
Jogador 318,01/01/2021
Jogador 319,01/01/2021
Jogador 320,01/01/2021
Jogador 321,01/01/2021
Jogador 322,01/01/2021
Jogador 323,01/01/2021
Jogador 324,01/01/2021
Jogador 325,01/01/2021
Jogador 326,01/01/2021
Jogador 327,01/01/2021
Jogador 328,01/01/2021
Jogador 329,01/01/2021
Jogador 330,01/01/2021
Jogador 331,01/01/2021
Jogador 332,01/01/2021
Jogador 333,01/01/2021
Jogador 334,01/01/2021
Jogador 335,01/01/2021
Jogador 336,01/01/2021
Jogador 337,01/01/2021
Jogador 338,01/01/2021
Jogador 339,01/01/2021
Jogador 340,01/01/2021
Jogador 341,01/01/2021
Jogador 342,01/01/2021
Jogador 343,01/01/2021
Jogador 344,01/01/2021
Jogador 345,01/01/2021
Jogador 346,01/01/2021
Jogador 347,01/01/2021
Jogador 348,01/01/2021
Jogador 349,01/01/2021
Jogador 350,01/01/2021
Jogador 351,01/01/2021
Jogador 352,01/01/2021
Jogador 353,01/01/2021
Jogador 354,01/01/2021
Jogador 355,01/01/2021
Jogador 356,01/01/2021
Jogador 357,01/01/2021
Jogador 358,01/01/2021
Jogador 359,01/01/2021
Jogador 360,01/01/2021
Jogador 361,01/01/2021
Jogador 362,01/01/2021
Jogador 363,01/01/2021
Jogador 364,01/01/2021
Jogador 365,01/01/2021
Jogador 366,01/01/2021
Jogador 367,01/01/2021
Jogador 368,01/01/2021
Jogador 369,01/01/2021
Jogador 370,01/01/2021
Jogador 371,01/01/2021
Jogador 372,01/01/2021
Jogador 373,01/01/2021
Jogador 374,01/01/2021
Jogador 375,01/01/2021
Jogador 376,01/01/2021
Jogador 377,01/01/2021
Jogador 378,01/01/2021
Jogador 379,01/01/2021
Jogador 380,01/01/2021
Jogador 381,01/01/2021
Jogador 382,01/01/2021
Jogador 383,01/01/2021
Jogador 384,01/01/2021
Jogador 385,01/01/2021
Jogador 386,01/01/2021
Jogador 387,01/01/2021
Jogador 388,01/01/2021
Jogador 389,01/01/2021
Jogador 390,01/01/2021
Jogador 391,01/01/2021
Jogador 392,01/01/2021
Jogador 393,01/01/2021
Jogador 394,01/01/2021
Jogador 395,01/01/2021
Jogador 396,01/01/2021
Jogador 397,01/01/2021
Jogador 398,01/01/2021
Jogador 399,01/01/2021
Jogador 400,01/01/2021
Jogador 401,01/01/2021
Jogador 402,01/01/2021
Jogador 403,01/01/2021
Jogador 404,01/01/2021
Jogador 405,01/01/2021
Jogador 406,01/01/2021
Jogador 407,01/01/2021
Jogador 408,01/01/2021
Jogador 409,01/01/2021
Jogador 410,01/01/2021
Jogador 411,01/01/2021
Jogador 412,01/01/2021
Jogador 413,01/01/2021
Jogador 414,01/01/2021
Jogador 415,01/01/2021
Jogador 416,01/01/2021
Jogador 417,01/01/2021
Jogador 418,01/01/2021
Jogador 419,01/01/2021
Jogador 420,01/01/2021
Jogador 421,01/01/2021
Jogador 422,01/01/2021
Jogador 423,01/01/2021
Jogador 424,01/01/2021
Jogador 425,01/01/2021
Jogador 426,01/01/2021
Jogador 427,01/01/2021
Jogador 428,01/01/2021
Jogador 429,01/01/2021
Jogador 430,01/01/2021
Jogador 431,01/01/2021
Jogador 432,01/01/2021
Jogador 433,01/01/2021
Jogador 434,01/01/2021
Jogador 435,01/01/2021
Jogador 436,01/01/2021
Jogador 437,01/01/2021
Jogador 438,01/01/2021
Jogador 439,01/01/2021
Jogador 440,01/01/2021
Jogador 441,01/01/2021
Jogador 442,01/01/2021
Jogador 443,01/01/2021
Jogador 444,01/01/2021
Jogador 445,01/01/2021
Jogador 446,01/01/2021
Jogador 447,01/01/2021
Jogador 448,01/01/2021
Jogador 449,01/01/2021
Jogador 450,01/01/2021
Jogador 451,01/01/2021
Jogador 452,01/01/2021
Jogador 453,01/01/2021
Jogador 454,01/01/2021
Jogador 455,01/01/2021
Jogador 456,01/01/2021
Jogador 457,01/01/2021
Jogador 458,01/01/2021
Jogador 459,01/01/2021
Jogador 460,01/01/2021
Jogador 461,01/01/2021
Jogador 462,01/01/2021
Jogador 463,01/01/2021
Jogador 464,01/01/2021
Jogador 465,01/01/2021
Jogador 466,01/01/2021
Jogador 467,01/01/2021
Jogador 468,01/01/2021
Jogador 469,01/01/2021
Jogador 470,01/01/2021
Jogador 471,01/01/2021
Jogador 472,01/01/2021
Jogador 473,01/01/2021
Jogador 474,01/01/2021
Jogador 475,01/01/2021
Jogador 476,01/01/2021
Jogador 477,01/01/2021
Jogador 478,01/01/2021
Jogador 479,01/01/2021
Jogador 480,01/01/2021
Jogador 481,01/01/2021
Jogador 482,01/01/2021
Jogador 483,01/01/2021
Jogador 484,01/01/2021
Jogador 485,01/01/2021
Jogador 486,01/01/2021
Jogador 487,01/01/2021
Jogador 488,01/01/2021
Jogador 489,01/01/2021
Jogador 490,01/01/2021
Jogador 491,01/01/2021
Jogador 492,01/01/2021
Jogador 493,01/01/2021
Jogador 494,01/01/2021
Jogador 495,01/01/2021
Jogador 496,01/01/2021
Jogador 497,01/01/2021
Jogador 498,01/01/2021
Jogador 499,01/01/2021
Jogador 500,01/01/2021
Jogador 501,01/01/2021
Jogador 502,01/01/2021
Jogador 503,01/01/2021
Jogador 504,01/01/2021
Jogador 505,01/01/2021
Jogador 506,01/01/2021
Jogador 507,01/01/2021
Jogador 508,01/01/2021
Jogador 509,01/01/2021
Jogador 510,01/01/2021
Jogador 511,01/01/2021
Jogador 512,01/01/2021
Jogador 513,01/01/2021
Jogador 514,01/01/2021
Jogador 515,01/01/2021
Jogador 516,01/01/2021
Jogador 517,01/01/2021
Jogador 518,01/01/2021
Jogador 519,01/01/2021
Jogador 520,01/01/2021
Jogador 521,01/01/2021
Jogador 522,01/01/2021
Jogador 523,01/01/2021
Jogador 524,01/01/2021
Jogador 525,01/01/2021
Jogador 526,01/01/2021
Jogador 527,01/01/2021
Jogador 528,01/01/2021
Jogador 529,01/01/2021
Jogador 530,01/01/2021
Jogador 531,01/01/2021
Jogador 532,01/01/2021
Jogador 533,01/01/2021
Jogador 534,01/01/2021
Jogador 535,01/01/2021
Jogador 536,01/01/2021
Jogador 537,01/01/2021
Jogador 538,01/01/2021
Jogador 539,01/01/2021
Jogador 540,01/01/2021
Jogador 541,01/01/2021
Jogador 542,01/01/2021
Jogador 543,01/01/2021
Jogador 544,01/01/2021
Jogador 545,01/01/2021
Jogador 546,01/01/2021
Jogador 547,01/01/2021
Jogador 548,01/01/2021
Jogador 549,01/01/2021
Jogador 550,01/01/2021
Jogador 551,01/01/2021
Jogador 552,01/01/2021
Jogador 553,01/01/2021
Jogador 554,01/01/2021
Jogador 555,01/01/2021
Jogador 556,01/01/2021
Jogador 557,01/01/2021
Jogador 558,01/01/2021
Jogador 559,01/01/2021
Jogador 560,01/01/2021
Jogador 561,01/01/2021
Jogador 562,01/01/2021
Jogador 563,01/01/2021
Jogador 564,01/01/2021
Jogador 565,01/01/2021
Jogador 566,01/01/2021
Jogador 567,01/01/2021
Jogador 568,01/01/2021
Jogador 569,01/01/2021
Jogador 570,01/01/2021
Jogador 571,01/01/2021
Jogador 572,01/01/2021
Jogador 573,01/01/2021
Jogador 574,01/01/2021
Jogador 575,01/01/2021
Jogador 576,01/01/2021
Jogador 577,01/01/2021
Jogador 578,01/01/2021
Jogador 579,01/01/2021
Jogador 580,01/01/2021
Jogador 581,01/01/2021
Jogador 582,01/01/2021
Jogador 583,01/01/2021
Jogador 584,01/01/2021
Jogador 585,01/01/2021
Jogador 586,01/01/2021
Jogador 587,01/01/2021
Jogador 588,01/01/2021
Jogador 589,01/01/2021
Jogador 590,01/01/2021
Jogador 591,01/01/2021
Jogador 592,01/01/2021
Jogador 593,01/01/2021
Jogador 594,01/01/2021
Jogador 595,01/01/2021
Jogador 596,01/01/2021
Jogador 597,01/01/2021
Jogador 598,01/01/2021
Jogador 599,01/01/2021
Jogador 600,01/01/2021
Jogador 601,01/01/2021
Jogador 602,01/01/2021
Jogador 603,01/01/2021
Jogador 604,01/01/2021
Jogador 605,01/01/2021
Jogador 606,01/01/2021
Jogador 607,01/01/2021
Jogador 608,01/01/2021
Jogador 609,01/01/2021
Jogador 610,01/01/2021
Jogador 611,01/01/2021
Jogador 612,01/01/2021
Jogador 613,01/01/2021
Jogador 614,01/01/2021
Jogador 615,01/01/2021
Jogador 616,01/01/2021
Jogador 617,01/01/2021
Jogador 618,01/01/2021
Jogador 619,01/01/2021
Jogador 620,01/01/2021
Jogador 621,01/01/2021
Jogador 622,01/01/2021
Jogador 623,01/01/2021
Jogador 624,01/01/2021
Jogador 625,01/01/2021
Jogador 626,01/01/2021
Jogador 627,01/01/2021
Jogador 628,01/01/2021
Jogador 629,01/01/2021
Jogador 630,01/01/2021
Jogador 631,01/01/2021
Jogador 632,01/01/2021
Jogador 633,01/01/2021
Jogador 634,01/01/2021
Jogador 635,01/01/2021
Jogador 636,01/01/2021
Jogador 637,01/01/2021
Jogador 638,01/01/2021
Jogador 639,01/01/2021
Jogador 640,01/01/2021
Jogador 641,01/01/2021
Jogador 642,01/01/2021
Jogador 643,01/01/2021
Jogador 644,01/01/2021
Jogador 645,01/01/2021
Jogador 646,01/01/2021
Jogador 647,01/01/2021
Jogador 648,01/01/2021
Jogador 649,01/01/2021
Jogador 650,01/01/2021
Jogador 651,01/01/2021
Jogador 652,01/01/2021
Jogador 653,01/01/2021
Jogador 654,01/01/2021
Jogador 655,01/01/2021
Jogador 656,01/01/2021
Jogador 657,01/01/2021
Jogador 658,01/01/2021
Jogador 659,01/01/2021
Jogador 660,01/01/2021
Jogador 661,01/01/2021
Jogador 662,01/01/2021
Jogador 663,01/01/2021
Jogador 664,01/01/2021
Jogador 665,01/01/2021
Jogador 666,01/01/2021
Jogador 667,01/01/2021
Jogador 668,01/01/2021
Jogador 669,01/01/2021
Jogador 670,01/01/2021
Jogador 671,01/01/2021
Jogador 672,01/01/2021
Jogador 673,01/01/2021
Jogador 674,01/01/2021
Jogador 675,01/01/2021
Jogador 676,01/01/2021
Jogador 677,01/01/2021
Jogador 678,01/01/2021
Jogador 679,01/01/2021
Jogador 680,01/01/2021
Jogador 681,01/01/2021
Jogador 682,01/01/2021
Jogador 683,01/01/2021
Jogador 684,01/01/2021
Jogador 685,01/01/2021
Jogador 686,01/01/2021
Jogador 687,01/01/2021
Jogador 688,01/01/2021
Jogador 689,01/01/2021
Jogador 690,01/01/2021
Jogador 691,01/01/2021
Jogador 692,01/01/2021
Jogador 693,01/01/2021
Jogador 694,01/01/2021
Jogador 695,01/01/2021
Jogador 696,01/01/2021
Jogador 697,01/01/2021
Jogador 698,01/01/2021
Jogador 699,01/01/2021
Jogador 700,01/01/2021
Jogador 701,01/01/2021
Jogador 702,01/01/2021
Jogador 703,01/01/2021
Jogador 704,01/01/2021
Jogador 705,01/01/2021
Jogador 706,01/01/2021
Jogador 707,01/01/2021
Jogador 708,01/01/2021
Jogador 709,01/01/2021
Jogador 710,01/01/2021
Jogador 711,01/01/2021
Jogador 712,01/01/2021
Jogador 713,01/01/2021
Jogador 714,01/01/2021
Jogador 715,01/01/2021
Jogador 716,01/01/2021
Jogador 717,01/01/2021
Jogador 718,01/01/2021
Jogador 719,01/01/2021
Jogador 720,01/01/2021
Jogador 721,01/01/2021
Jogador 722,01/01/2021
Jogador 723,01/01/2021
Jogador 724,01/01/2021
Jogador 725,01/01/2021
Jogador 726,01/01/2021
Jogador 727,01/01/2021
Jogador 728,01/01/2021
Jogador 729,01/01/2021
Jogador 730,01/01/2021
Jogador 731,01/01/2021
Jogador 732,01/01/2021
Jogador 733,01/01/2021
Jogador 734,01/01/2021
Jogador 735,01/01/2021
Jogador 736,01/01/2021
Jogador 737,01/01/2021
Jogador 738,01/01/2021
Jogador 739,01/01/2021
Jogador 740,01/01/2021
Jogador 741,01/01/2021
Jogador 742,01/01/2021
Jogador 743,01/01/2021
Jogador 744,01/01/2021
Jogador 745,01/01/2021
Jogador 746,01/01/2021
Jogador 747,01/01/2021
Jogador 748,01/01/2021
Jogador 749,01/01/2021
Jogador 750,01/01/2021
Jogador 751,01/01/2021
Jogador 752,01/01/2021
Jogador 753,01/01/2021
Jogador 754,01/01/2021
Jogador 755,01/01/2021
Jogador 756,01/01/2021
Jogador 757,01/01/2021
Jogador 758,01/01/2021
Jogador 759,01/01/2021
Jogador 760,01/01/2021
Jogador 761,01/01/2021
Jogador 762,01/01/2021
Jogador 763,01/01/2021
Jogador 764,01/01/2021
Jogador 765,01/01/2021
Jogador 766,01/01/2021
Jogador 767,01/01/2021
Jogador 768,01/01/2021
Jogador 769,01/01/2021
Jogador 770,01/01/2021
Jogador 771,01/01/2021
Jogador 772,01/01/2021
Jogador 773,01/01/2021
Jogador 774,01/01/2021
Jogador 775,01/01/2021
Jogador 776,01/01/2021
Jogador 777,01/01/2021
Jogador 778,01/01/2021
Jogador 779,01/01/2021
Jogador 780,01/01/2021
Jogador 781,01/01/2021
Jogador 782,01/01/2021
Jogador 783,01/01/2021
Jogador 784,01/01/2021
Jogador 785,01/01/2021
Jogador 786,01/01/2021
Jogador 787,01/01/2021
Jogador 788,01/01/2021
Jogador 789,01/01/2021
Jogador 790,01/01/2021
Jogador 791,01/01/2021
Jogador 792,01/01/2021
Jogador 793,01/01/2021
Jogador 794,01/01/2021
Jogador 795,01/01/2021
Jogador 796,01/01/2021
Jogador 797,01/01/2021
Jogador 798,01/01/2021
Jogador 799,01/01/2021
Jogador 800,01/01/2021
Jogador 801,01/01/2021
Jogador 802,01/01/2021
Jogador 803,01/01/2021
Jogador 804,01/01/2021
Jogador 805,01/01/2021
Jogador 806,01/01/2021
Jogador 807,01/01/2021
Jogador 808,01/01/2021
Jogador 809,01/01/2021
Jogador 810,01/01/2021
Jogador 811,01/01/2021
Jogador 812,01/01/2021
Jogador 813,01/01/2021
Jogador 814,01/01/2021
Jogador 815,01/01/2021
Jogador 816,01/01/2021
Jogador 817,01/01/2021
Jogador 818,01/01/2021
Jogador 819,01/01/2021
Jogador 820,01/01/2021
Jogador 821,01/01/2021
Jogador 822,01/01/2021
Jogador 823,01/01/2021
Jogador 824,01/01/2021
Jogador 825,01/01/2021
Jogador 826,01/01/2021
Jogador 827,01/01/2021
Jogador 828,01/01/2021
Jogador 829,01/01/2021
Jogador 830,01/01/2021
Jogador 831,01/01/2021
Jogador 832,01/01/2021
Jogador 833,01/01/2021
Jogador 834,01/01/2021
Jogador 835,01/01/2021
Jogador 836,01/01/2021
Jogador 837,01/01/2021
Jogador 838,01/01/2021
Jogador 839,01/01/2021
Jogador 840,01/01/2021
Jogador 841,01/01/2021
Jogador 842,01/01/2021
Jogador 843,01/01/2021
Jogador 844,01/01/2021
Jogador 845,01/01/2021
Jogador 846,01/01/2021
Jogador 847,01/01/2021
Jogador 848,01/01/2021
Jogador 849,01/01/2021
Jogador 850,01/01/2021
Jogador 851,01/01/2021
Jogador 852,01/01/2021
Jogador 853,01/01/2021
Jogador 854,01/01/2021
Jogador 855,01/01/2021
Jogador 856,01/01/2021
Jogador 857,01/01/2021
Jogador 858,01/01/2021
Jogador 859,01/01/2021
Jogador 860,01/01/2021
Jogador 861,01/01/2021
Jogador 862,01/01/2021
Jogador 863,01/01/2021
Jogador 864,01/01/2021
Jogador 865,01/01/2021
Jogador 866,01/01/2021
Jogador 867,01/01/2021
Jogador 868,01/01/2021
Jogador 869,01/01/2021
Jogador 870,01/01/2021
Jogador 871,01/01/2021
Jogador 872,01/01/2021
Jogador 873,01/01/2021
Jogador 874,01/01/2021
Jogador 875,01/01/2021
Jogador 876,01/01/2021
Jogador 877,01/01/2021
Jogador 878,01/01/2021
Jogador 879,01/01/2021
Jogador 880,01/01/2021
Jogador 881,01/01/2021
Jogador 882,01/01/2021
Jogador 883,01/01/2021
Jogador 884,01/01/2021
Jogador 885,01/01/2021
Jogador 886,01/01/2021
Jogador 887,01/01/2021
Jogador 888,01/01/2021
Jogador 889,01/01/2021
Jogador 890,01/01/2021
Jogador 891,01/01/2021
Jogador 892,01/01/2021
Jogador 893,01/01/2021
Jogador 894,01/01/2021
Jogador 895,01/01/2021
Jogador 896,01/01/2021
Jogador 897,01/01/2021
Jogador 898,01/01/2021
Jogador 899,01/01/2021
Jogador 900,01/01/2021
Jogador 901,01/01/2021
Jogador 902,01/01/2021
Jogador 903,01/01/2021
Jogador 904,01/01/2021
Jogador 905,01/01/2021
Jogador 906,01/01/2021
Jogador 907,01/01/2021
Jogador 908,01/01/2021
Jogador 909,01/01/2021
Jogador 910,01/01/2021
Jogador 911,01/01/2021
Jogador 912,01/01/2021
Jogador 913,01/01/2021
Jogador 914,01/01/2021
Jogador 915,01/01/2021
Jogador 916,01/01/2021
Jogador 917,01/01/2021
Jogador 918,01/01/2021
Jogador 919,01/01/2021
Jogador 920,01/01/2021
Jogador 921,01/01/2021
Jogador 922,01/01/2021
Jogador 923,01/01/2021
Jogador 924,01/01/2021
Jogador 925,01/01/2021
Jogador 926,01/01/2021
Jogador 927,01/01/2021
Jogador 928,01/01/2021
Jogador 929,01/01/2021
Jogador 930,01/01/2021
Jogador 931,01/01/2021
Jogador 932,01/01/2021
Jogador 933,01/01/2021
Jogador 934,01/01/2021
Jogador 935,01/01/2021
Jogador 936,01/01/2021
Jogador 937,01/01/2021
Jogador 938,01/01/2021
Jogador 939,01/01/2021
Jogador 940,01/01/2021
Jogador 941,01/01/2021
Jogador 942,01/01/2021
Jogador 943,01/01/2021
Jogador 944,01/01/2021
Jogador 945,01/01/2021
Jogador 946,01/01/2021
Jogador 947,01/01/2021
Jogador 948,01/01/2021
Jogador 949,01/01/2021
Jogador 950,01/01/2021
Jogador 951,01/01/2021
Jogador 952,01/01/2021
Jogador 953,01/01/2021
Jogador 954,01/01/2021
Jogador 955,01/01/2021
Jogador 956,01/01/2021
Jogador 957,01/01/2021
Jogador 958,01/01/2021
Jogador 959,01/01/2021
Jogador 960,01/01/2021
Jogador 961,01/01/2021
Jogador 962,01/01/2021
Jogador 963,01/01/2021
Jogador 964,01/01/2021
Jogador 965,01/01/2021
Jogador 966,01/01/2021
Jogador 967,01/01/2021
Jogador 968,01/01/2021
Jogador 969,01/01/2021
Jogador 970,01/01/2021
Jogador 971,01/01/2021
Jogador 972,01/01/2021
Jogador 973,01/01/2021
Jogador 974,01/01/2021
Jogador 975,01/01/2021
Jogador 976,01/01/2021
Jogador 977,01/01/2021
Jogador 978,01/01/2021
Jogador 979,01/01/2021
Jogador 980,01/01/2021
Jogador 981,01/01/2021
Jogador 982,01/01/2021
Jogador 983,01/01/2021
Jogador 984,01/01/2021
Jogador 985,01/01/2021
Jogador 986,01/01/2021
Jogador 987,01/01/2021
Jogador 988,01/01/2021
Jogador 989,01/01/2021
Jogador 990,01/01/2021
Jogador 991,01/01/2021
Jogador 992,01/01/2021
Jogador 993,01/01/2021
Jogador 994,01/01/2021
Jogador 995,01/01/2021
Jogador 996,01/01/2021
Jogador 997,01/01/2021
Jogador 998,01/01/2021
Jogador 999,01/01/2021
Jogador 1000,01/01/2021
